<beans:beans xmlns="http://www.springframework.org/schema/security"
    xmlns:beans="http://www.springframework.org/schema/beans" 
    xmlns:xsi="http://www.w3.org/2001/XMLSchema-instance"
        xsi:schemaLocation="http://www.springframework.org/schema/beans
                            http://www.springframework.org/schema/beans/spring-beans.xsd
                            http://www.springframework.org/schema/security
                            http://www.springframework.org/schema/security/spring-security-4.1.xsd" >
    
    <http auto-config="true" >
    	<csrf disabled="true"/>
    	
 <!--       <intercept-url pattern="/addproduct" access="hasRole('ROLE_ADMIN')" />
        <intercept-url pattern="/addcategory" access="hasRole('ROLE_ADMIN')" />  --> 
       
        <form-login login-page="/login" default-target-url="/adminpg" authentication-failure-url="/accessdenied"/>
        <logout logout-success-url="/logout"/>
    </http>
    
    <authentication-manager alias="authenticationManager">
        <authentication-provider>
            <jdbc-user-service data-source-ref="dataSource" 
            authorities-by-username-query="select c.mail,u.name from User c, User_roles u where c.id=u.rid and c.mail=?"
            users-by-username-query="select mail,pwd,enabled from User where mail= ?"/>
        </authentication-provider>
    </authentication-manager>
    </beans:beans>
